Timestamp,ACC_X,ACC_Y,ACC_Z,BVP,EDA,Condition
1580131326000.0,0,0,0,0.0,0.0,0
1580131326250.0,0,0,0,0.0,0.0,0
1580131326500.0,0,0,0,0.0,0.0,0
1580131326750.0,0,0,0,0.0,0.0,0
1580131327000.0,0,0,0,0.0,0.0,0
1580131327250.0,0,0,0,0.0,0.0,0
1580131327500.0,0,0,0,0.0,0.0,0
1580131327750.0,0,0,0,0.0,0.0,0
1580131328000.0,0,0,0,0.0,0.0,0
1580131328250.0,0,0,0,0.0,0.0,0
1580131328500.0,0,0,0,0.0,0.0,0
1580131328750.0,0,0,0,0.0,0.0,0
1580131329000.0,0,0,0,0.0,0.0,0
1580131329250.0,0,0,0,0.0,0.0,0
1580131329500.0,0,0,0,0.0,0.0,0
1580131329750.0,0,0,0,0.0,0.0,0
1580131330000.0,0,0,0,0.0,0.0,0
1580131330250.0,0,0,0,0.0,0.0,0
1580131330500.0,0,0,0,0.0,0.0,0
1580131330750.0,0,0,0,0.0,0.0,0
1580131331000.0,0,0,0,0.0,0.0,0
1580131331250.0,0,0,0,0.0,0.0,0
1580131331500.0,0,0,0,0.0,0.0,0
1580131331750.0,0,0,0,0.0,0.0,0
1580131332000.0,0,0,0,0.0,0.0,0
1580131332250.0,0,0,0,0.0,0.0,0
1580131332500.0,0,0,0,0.0,0.0,0
1580131332750.0,0,0,0,0.0,0.0,0
1580131333000.0,0,0,0,0.0,0.0,0
1580131333250.0,0,0,0,0.0,0.0,0
1580131333500.0,0,0,0,0.0,0.0,0
1580131333750.0,0,0,0,0.0,0.0,0
1580131334000.0,34,22,-5,-0.0,0.0,0
1580131334250.0,100,41,11,-0.05,0.15880899999999998,0
1580131334500.0,12,22,-1,6.2,0.220283,0
1580131334750.0,2,23,5,22.9,0.219002,0
1580131335000.0,95,65,-20,93.76,0.22284400000000001,0
1580131335250.0,95,32,-28,208.53,0.265108,0
1580131335500.0,-4,0,-17,-537.13,0.193388,0
1580131335750.0,16,35,-2,72.61,0.176739,0
1580131336000.0,66,69,-7,146.64,0.198511,0
1580131336250.0,127,48,2,58.66,0.22156399999999998,0
1580131336500.0,63,37,-1,24.63,0.216441,0
1580131336750.0,-12,39,-37,-18.02,0.206195,0
1580131337000.0,-22,39,-31,12.52,0.21259899999999998,0
1580131337250.0,24,25,1,85.67,0.20491399999999999,0
1580131337500.0,20,11,-69,160.82,0.20747600000000002,0
1580131337750.0,127,31,-72,37.99,0.208756,0
1580131338000.0,96,32,-62,-29.81,0.206195,0
1580131338250.0,127,19,-95,-38.97,0.21131799999999998,0
1580131338500.0,114,-11,-60,-90.64,0.208756,0
1580131338750.0,-2,-18,-38,37.32,0.208756,0
1580131339000.0,45,7,-21,-95.68,0.210037,0
1580131339250.0,54,22,-28,-536.91,0.208756,0
1580131339500.0,52,27,-25,276.42,0.210037,0
1580131339750.0,70,35,-25,158.62,0.21131799999999998,0
1580131340000.0,53,27,-8,17.6,0.21131799999999998,0
1580131340250.0,65,36,-6,-143.37,0.21387899999999999,0
1580131340500.0,41,30,24,47.58,0.21259899999999998,0
1580131340750.0,53,40,25,257.38,0.21259899999999998,0
1580131341000.0,39,7,-37,51.44,0.216441,0
1580131341250.0,21,15,45,-162.94,0.21516,0
1580131341500.0,-53,-8,38,-122.06,0.21131799999999998,0
1580131341750.0,100,10,9,90.8,0.216441,0
1580131342000.0,13,12,-2,-26.36,0.22156399999999998,0
1580131342250.0,-7,9,24,58.76,0.21387899999999999,0
1580131342500.0,86,2,-41,142.04,0.22156399999999998,0
1580131342750.0,42,4,-21,-15.74,0.21259899999999998,0
1580131343000.0,54,8,-6,-242.98,0.21387899999999999,0
1580131343250.0,47,-3,-25,139.53,0.21516,0
1580131343500.0,38,-16,-17,-163.34,0.216441,0
1580131343750.0,49,-19,-35,-100.97,0.208756,0
1580131344000.0,51,-21,-32,95.04,0.219002,0
1580131344250.0,49,-25,-24,63.67,0.216441,0
1580131344500.0,51,-26,-24,37.34,0.216441,0
1580131344750.0,51,-26,-24,-129.34,0.217721,0
1580131345000.0,55,-24,-26,99.23,0.219002,0
1580131345250.0,67,-9,21,95.98,0.22284400000000001,0
1580131345500.0,27,-16,24,71.93,0.224125,0
1580131345750.0,24,-56,17,-106.73,0.227967,0
1580131346000.0,38,-44,28,116.71,0.22284400000000001,0
1580131346250.0,40,-42,19,-10.64,0.219002,0
1580131346500.0,41,-44,37,-322.33,0.22156399999999998,0
1580131346750.0,23,-46,26,326.35,0.22284400000000001,0
1580131347000.0,47,-50,26,-151.07,0.225406,0
1580131347250.0,33,-48,26,-222.95,0.23052899999999998,0
1580131347500.0,44,-86,-10,171.06,0.23052899999999998,0
1580131347750.0,32,-49,8,13.02,0.229248,0
1580131348000.0,39,-47,16,-90.82,0.23052899999999998,0
1580131348250.0,42,-45,21,-123.05,0.234371,0
1580131348500.0,30,-40,33,103.27,0.234371,0
1580131348750.0,27,-38,36,-5.61,0.234371,0
1580131349000.0,37,-51,11,75.38,0.238213,0
1580131349250.0,41,-47,17,10.53,0.238213,0
1580131349500.0,30,-49,26,2.83,0.239494,0
1580131349750.0,24,-40,34,221.97,0.240774,0
1580131350000.0,14,-56,10,-121.71,0.24589699999999998,0
1580131350250.0,29,-58,8,123.37,0.24461599999999997,0
1580131350500.0,24,-74,-2,87.2,0.24461599999999997,0
1580131350750.0,21,-61,-14,-234.72,0.24333600000000002,0
1580131351000.0,9,-128,66,-375.99,0.24333600000000002,0
1580131351250.0,-18,-99,-23,42.9,0.249739,0
1580131351500.0,27,-57,3,178.95,0.24589699999999998,0
1580131351750.0,32,-51,13,65.65,0.24589699999999998,0
1580131352000.0,34,-52,15,161.73,0.24461599999999997,0
1580131352250.0,26,-56,16,38.36,0.247178,0
1580131352500.0,50,-49,21,-127.92,0.24589699999999998,0
1580131352750.0,19,-65,-2,-374.85,0.24461599999999997,0
1580131353000.0,61,-41,32,134.81,0.24589699999999998,0
1580131353250.0,44,-63,58,-10.17,0.249739,0
1580131353500.0,34,19,32,73.01,0.24461599999999997,0
1580131353750.0,27,28,64,27.24,0.24461599999999997,0
1580131354000.0,39,40,18,205.71,0.24589699999999998,0
1580131354250.0,26,46,38,22.92,0.24461599999999997,0
1580131354500.0,17,33,44,17.71,0.248459,0
1580131354750.0,19,34,49,80.81,0.247178,0
1580131355000.0,19,31,60,20.73,0.248459,0
1580131355250.0,21,33,47,86.03,0.248459,0
1580131355500.0,28,35,45,-63.05,0.248459,0
1580131355750.0,27,30,53,-46.7,0.248459,0
1580131356000.0,28,28,45,-68.99,0.249739,0
1580131356250.0,28,37,37,26.18,0.249739,0
1580131356500.0,31,32,50,-173.19,0.248459,0
1580131356750.0,24,30,48,-10.71,0.25101999999999997,0
1580131357000.0,31,33,46,-64.14,0.249739,0
1580131357250.0,27,29,50,58.66,0.25101999999999997,0
1580131357500.0,18,24,58,6.38,0.252301,0
1580131357750.0,32,23,66,61.23,0.252301,0
1580131358000.0,19,21,55,21.28,0.254862,0
1580131358250.0,19,20,56,27.74,0.254862,0
1580131358500.0,18,17,61,-45.91,0.254862,0
1580131358750.0,27,22,51,-38.97,0.256143,0
1580131359000.0,36,18,47,67.57,0.254862,0
1580131359250.0,47,14,56,-8.41,0.256143,0
1580131359500.0,61,27,49,72.17,0.256143,0
1580131359750.0,37,37,39,-83.07,0.254862,0
1580131360000.0,34,27,29,-39.97,0.256143,0
1580131360250.0,50,38,18,-146.94,0.256143,0
1580131360500.0,52,38,-12,75.41,0.25101999999999997,0
1580131360750.0,52,34,-17,123.14,0.247178,0
1580131361000.0,46,47,6,79.47,0.248459,0
1580131361250.0,28,44,21,-152.19,0.249739,0
1580131361500.0,51,45,17,-310.27,0.249739,0
1580131361750.0,28,34,12,199.85,0.247178,0
1580131362000.0,49,45,19,-14.98,0.247178,0
1580131362250.0,-4,29,5,25.09,0.248459,0
1580131362500.0,73,32,68,27.52,0.248459,0
1580131362750.0,49,5,-50,3.58,0.249739,0
1580131363000.0,59,31,-4,5.75,0.23309000000000002,0
1580131363250.0,53,21,-11,168.49,0.23309000000000002,0
1580131363500.0,63,18,-8,-254.62,0.236932,0
1580131363750.0,58,4,30,-316.62,0.238213,0
1580131364000.0,-13,-22,63,85.33,0.24205500000000002,0
1580131364250.0,30,-6,53,49.22,0.240774,0
1580131364500.0,79,-8,45,197.79,0.247178,0
1580131364750.0,54,3,38,292.9,0.248459,0
1580131365000.0,55,2,30,-142.16,0.252301,0
1580131365250.0,55,0,30,224.22,0.252301,0
1580131365500.0,55,-1,30,-374.96,0.25101999999999997,0
1580131365750.0,56,0,30,-306.53,0.25101999999999997,0
1580131366000.0,55,-1,30,-11.88,0.252301,0
1580131366250.0,55,-1,30,88.63,0.252301,0
1580131366500.0,56,-2,29,159.48,0.253581,0
1580131366750.0,55,-1,30,47.39,0.253581,0
1580131367000.0,56,-1,29,-167.16,0.253581,0
1580131367250.0,56,1,29,94.95,0.256143,0
1580131367500.0,56,-2,29,100.1,0.256143,0
1580131367750.0,55,-2,30,-28.53,0.256143,0
1580131368000.0,57,0,28,50.65,0.257424,0
1580131368250.0,57,2,27,63.55,0.257424,0
1580131368500.0,59,1,26,-149.48,0.257424,0
1580131368750.0,57,-3,23,85.7,0.258704,0
1580131369000.0,59,3,23,-15.46,0.257424,0
1580131369250.0,55,-1,26,-111.9,0.258704,0
1580131369500.0,56,2,27,91.71,0.25998499999999997,0
1580131369750.0,57,1,26,11.84,0.25998499999999997,0
1580131370000.0,58,2,27,113.91,0.25998499999999997,0
1580131370250.0,56,-2,28,187.15,0.263827,0
1580131370500.0,55,0,28,-103.76,0.262546,0
1580131370750.0,58,3,27,-5.76,0.261266,0
1580131371000.0,57,0,26,-1.46,0.262546,0
1580131371250.0,56,-1,27,26.24,0.262546,0
1580131371500.0,56,4,27,4.12,0.265108,0
1580131371750.0,56,1,26,-165.67,0.262546,0
1580131372000.0,56,2,26,94.48,0.265108,0
1580131372250.0,58,1,26,-60.76,0.266389,0
1580131372500.0,55,1,28,63.93,0.265108,0
1580131372750.0,56,1,27,3.8,0.265108,0
1580131373000.0,60,-1,27,26.53,0.267669,0
1580131373250.0,56,-1,28,97.57,0.266389,0
1580131373500.0,52,1,36,-105.72,0.267669,0
1580131373750.0,50,24,27,65.21,0.265108,0
1580131374000.0,58,21,25,-73.39,0.262546,0
1580131374250.0,25,46,-37,19.01,0.265108,0
1580131374500.0,18,36,-44,4.05,0.248459,0
1580131374750.0,20,65,-25,253.26,0.236932,0
1580131375000.0,64,55,-3,161.23,0.24333600000000002,0
1580131375250.0,-19,40,-49,-169.52,0.239494,0
1580131375500.0,65,81,-17,-159.98,0.239494,0
1580131375750.0,-10,45,-38,-153.96,0.238213,0
1580131376000.0,3,48,-72,52.34,0.240774,0
1580131376250.0,47,64,-26,-172.24,0.240774,0
1580131376500.0,47,65,-48,227.03,0.24205500000000002,0
1580131376750.0,38,53,-42,-167.67,0.23309000000000002,0
1580131377000.0,38,59,-58,205.25,0.239494,0
1580131377250.0,3,47,-38,-293.44,0.234371,0
1580131377500.0,45,38,-26,-92.66,0.234371,0
1580131377750.0,0,18,-19,-326.58,0.229248,0
1580131378000.0,51,34,-10,-181.39,0.23565100000000003,0
1580131378250.0,56,45,-4,158.99,0.217721,0
1580131378500.0,58,23,-1,286.31,0.224125,0
1580131378750.0,59,22,2,173.59,0.22668600000000003,0
1580131379000.0,62,18,-1,-64.65,0.224125,0
1580131379250.0,61,18,-4,-175.23,0.227967,0
1580131379500.0,64,16,-7,-50.02,0.227967,0
1580131379750.0,60,16,-8,22.66,0.23180900000000002,0
1580131380000.0,60,16,-5,-42.24,0.23180900000000002,0
1580131380250.0,56,26,18,77.75,0.23309000000000002,0
1580131380500.0,51,29,23,85.06,0.23309000000000002,0
1580131380750.0,51,28,22,-243.19,0.238213,0
1580131381000.0,59,22,22,-19.42,0.24205500000000002,0
1580131381250.0,55,25,21,-5.22,0.24461599999999997,0
1580131381500.0,58,34,24,-188.47,0.24589699999999998,0
1580131381750.0,17,35,30,-15.13,0.238213,0
1580131382000.0,-40,31,26,218.14,0.236932,0
1580131382250.0,-34,26,41,70.93,0.23565100000000003,0
1580131382500.0,-60,29,5,-10.86,0.23309000000000002,0
1580131382750.0,-29,39,42,85.77,0.225406,0
1580131383000.0,8,45,60,-133.68,0.224125,0
1580131383250.0,-31,40,44,63.67,0.225406,0
1580131383500.0,-11,33,74,82.49,0.23052899999999998,0
1580131383750.0,2,44,59,125.84,0.227967,0
1580131384000.0,25,45,75,90.33,0.227967,0
1580131384250.0,24,49,45,-16.15,0.227967,0
1580131384500.0,42,59,64,55.78,0.227967,0
1580131384750.0,4,26,94,-69.95,0.227967,0
1580131385000.0,42,68,40,-153.61,0.227967,0
1580131385250.0,47,71,39,19.64,0.229248,0
1580131385500.0,24,72,19,-86.36,0.229248,0
1580131385750.0,17,50,39,100.42,0.227967,0
1580131386000.0,-19,33,30,-28.53,0.22668600000000003,0
1580131386250.0,-70,27,15,-12.41,0.23180900000000002,0
1580131386500.0,-66,29,51,-42.61,0.229248,0
1580131386750.0,0,61,28,66.33,0.234371,0
1580131387000.0,-40,38,70,75.1,0.236932,0
1580131387250.0,-35,42,32,-48.62,0.236932,0
1580131387500.0,-70,17,30,27.15,0.236932,0
1580131387750.0,-50,32,17,-57.03,0.239494,0
1580131388000.0,-42,37,12,-46.56,0.240774,0
1580131388250.0,-55,36,28,-23.66,0.24205500000000002,0
1580131388500.0,-44,25,16,24.26,0.24333600000000002,0
1580131388750.0,-71,6,63,6.47,0.24205500000000002,0
1580131389000.0,-51,24,12,77.68,0.24205500000000002,0
1580131389250.0,-20,41,38,46.68,0.248459,0
1580131389500.0,-88,40,25,-19.02,0.248459,0
1580131389750.0,-58,49,-69,-36.29,0.24589699999999998,0
1580131390000.0,-64,24,32,-4.89,0.248459,0
1580131390250.0,-65,11,42,55.21,0.248459,0
1580131390500.0,1,56,33,20.52,0.249739,0
1580131390750.0,-91,22,-5,-33.9,0.252301,0
1580131391000.0,-14,36,48,-17.36,0.252301,0
1580131391250.0,50,53,74,25.83,0.254862,0
1580131391500.0,47,23,47,149.8,0.248459,0
1580131391750.0,41,24,42,-98.26,0.249739,0
1580131392000.0,51,57,51,-28.45,0.25101999999999997,0
1580131392250.0,19,61,-2,-149.47,0.24333600000000002,0
1580131392500.0,-37,32,41,40.81,0.24205500000000002,0
1580131392750.0,-17,24,11,-56.46,0.249739,0
1580131393000.0,-11,47,47,110.35,0.24589699999999998,0
1580131393250.0,-35,-19,43,140.59,0.24589699999999998,0
1580131393500.0,-28,36,6,202.02,0.247178,0
1580131393750.0,-62,-50,127,-220.25,0.24205500000000002,0
1580131394000.0,-64,40,-35,0.53,0.249739,0
1580131394250.0,-40,6,31,-54.02,0.24333600000000002,0
1580131394500.0,-128,39,37,42.59,0.24333600000000002,0
1580131394750.0,-32,58,-62,-36.91,0.23180900000000002,0
1580131395000.0,-15,1,70,-171.63,0.22156399999999998,0
1580131395250.0,-7,4,14,-126.63,0.234371,0
1580131395500.0,21,54,44,-126.25,0.23309000000000002,0
1580131395750.0,25,30,28,57.86,0.23309000000000002,0
1580131396000.0,40,43,4,-48.52,0.23052899999999998,0
1580131396250.0,59,35,-13,123.29,0.22284400000000001,0
1580131396500.0,43,53,18,-30.18,0.160089,0
1580131396750.0,79,67,14,-70.24,0.131914,0
1580131397000.0,0,24,-2,-132.56,0.134475,0
1580131397250.0,-16,24,-3,375.15,0.129352,0
1580131397500.0,36,20,19,192.44,0.16137,0
1580131397750.0,102,55,9,-328.59,0.18826500000000002,0
1580131398000.0,86,2,-3,-128.57,0.18698399999999998,0
1580131398250.0,127,62,-21,279.14,0.192107,0
1580131398500.0,-47,41,-30,204.6,0.175458,0
1580131398750.0,31,-16,-32,-244.16,0.169054,0
1580131399000.0,74,20,20,-105.95,0.190826,0
1580131399250.0,127,-93,-94,21.85,0.192107,0
1580131399500.0,126,32,-28,51.93,0.19723,0
1580131399750.0,20,64,-7,-131.78,0.180581,0
1580131400000.0,-3,13,-19,-95.91,0.172896,0
1580131400250.0,48,20,-66,-99.23,0.189546,0
1580131400500.0,94,9,27,121.43,0.184423,0
1580131400750.0,16,21,-16,199.8,0.18826500000000002,0
1580131401000.0,80,39,-7,-197.22,0.193388,0
1580131401250.0,59,15,-6,-250.81,0.190826,0
1580131401500.0,71,17,-9,224.02,0.202353,0
1580131401750.0,60,-3,-10,97.45,0.202353,0
1580131402000.0,61,1,-14,-158.09,0.210037,0
1580131402250.0,70,-1,-16,-1.84,0.21387899999999999,0
1580131402500.0,60,-10,10,208.39,0.20747600000000002,0
1580131402750.0,62,-5,10,39.25,0.220283,0
1580131403000.0,63,-2,6,-361.79,0.225406,0
1580131403250.0,62,-4,7,76.71,0.22668600000000003,0
1580131403500.0,62,-2,8,415.22,0.23180900000000002,0
1580131403750.0,62,-5,10,-177.74,0.229248,0
1580131404000.0,62,-1,4,-145.76,0.23309000000000002,0
1580131404250.0,70,1,-33,-91.52,0.240774,0
1580131404500.0,15,18,-60,139.79,0.194669,0
1580131404750.0,14,14,-52,83.34,0.224125,0
1580131405000.0,26,21,-50,-81.49,0.225406,0
1580131405250.0,70,20,-27,103.2,0.23052899999999998,0
1580131405500.0,65,19,-2,12.33,0.23565100000000003,0
1580131405750.0,57,32,-15,234.24,0.263827,0
1580131406000.0,50,36,-20,71.83,0.240774,0
1580131406250.0,25,40,-42,80.53,0.253581,0
1580131406500.0,15,39,-51,-14.08,0.248459,0
1580131406750.0,6,35,-51,-96.2,0.257424,0
1580131407000.0,1,35,-57,-79.73,0.26895,0
1580131407250.0,2,30,-51,48.06,0.274073,0
1580131407500.0,-8,39,-59,-140.1,0.18698399999999998,0
1580131407750.0,-6,36,-48,-143.67,0.266389,0
1580131408000.0,-1,32,-57,139.64,0.30096799999999996,0
1580131408250.0,-14,35,-54,176.0,0.297126,0
1580131408500.0,-10,37,-52,442.56,0.283038,0
1580131408750.0,-7,35,-55,-239.6,0.47002200000000005,0
1580131409000.0,-1,38,-51,-372.77,0.094773,0
1580131409250.0,5,41,-51,197.11,0.014088,0
1580131409500.0,14,35,-45,6.75,0.019211000000000002,0
1580131409750.0,14,49,-37,-126.64,0.311214,0
1580131410000.0,42,33,-33,-37.37,0.170335,0
1580131410250.0,44,24,-37,-85.78,0.266389,0
1580131410500.0,39,22,-37,-117.21,0.24333600000000002,0
1580131410750.0,35,43,-36,98.67,0.165212,0
1580131411000.0,36,36,-31,534.95,0.038421,0
1580131411250.0,52,24,-34,-208.37,0.044825,0
1580131411500.0,19,8,-34,-332.22,0.1793,0
1580131411750.0,68,3,-30,-61.64,0.037141,0
1580131412000.0,91,-14,2,31.19,0.039702,0
1580131412250.0,64,-5,7,-10.79,0.015368999999999999,0
1580131412500.0,55,-1,-16,-22.07,0.021772,0
1580131412750.0,64,-8,-26,-118.79,0.10373800000000001,0
1580131413000.0,47,0,-53,-14.93,0.106299,0
1580131413250.0,34,11,-59,-45.38,0.005123,0
1580131413500.0,28,-6,-58,-180.31,0.011526,0
1580131413750.0,25,-7,-55,-32.65,0.010246,0
1580131414000.0,35,-6,-64,-9.22,0.074281,0
1580131414250.0,45,7,-38,202.51,0.047386000000000005,0
1580131414500.0,54,12,-31,594.16,0.11142200000000001,0
1580131414750.0,65,10,-33,681.84,0.135756,0
1580131415000.0,55,-8,-47,-554.37,0.07172,0
1580131415250.0,53,-2,-25,-75.97,0.038421,0
1580131415500.0,64,4,-19,-70.15,0.025613999999999998,0
1580131415750.0,71,-10,-24,17.9,0.073001,0
1580131416000.0,68,2,-9,-230.91,0.198511,0
1580131416250.0,58,5,11,43.81,0.088369,0
1580131416500.0,66,19,14,-38.69,0.195949,0
1580131416750.0,40,10,-1,133.46,0.097334,0
1580131417000.0,80,16,-7,-95.31,0.083246,0
1580131417250.0,43,0,11,-60.78,0.076843,0
1580131417500.0,66,-32,9,30.83,0.317617,0
1580131417750.0,59,-48,7,12.63,0.046106,0
1580131418000.0,59,-59,-2,-60.04,0.135756,0
1580131418250.0,12,-3,-10,-26.63,0.025613999999999998,0
1580131418500.0,-23,5,3,222.75,0.128071,0
1580131418750.0,127,-41,-128,-96.19,0.096054,0
1580131419000.0,127,37,-70,-4.16,0.153686,0
1580131419250.0,-31,46,-57,26.71,0.21516,0
1580131419500.0,63,93,-1,-0.93,0.163931,0
1580131419750.0,40,44,-16,73.88,0.176739,0
1580131420000.0,46,-25,6,146.07,0.256143,0
1580131420250.0,50,-30,8,93.36,0.403425,0
1580131420500.0,47,-33,10,-70.8,0.298406,0
1580131420750.0,53,-28,3,-241.35,0.39061799999999997,0
1580131421000.0,54,-24,22,-605.74,0.309933,0
1580131421250.0,43,-41,7,395.38,0.265108,0
1580131421500.0,51,-42,18,12.28,0.292003,0
1580131421750.0,47,-38,13,-225.58,0.274073,0
1580131422000.0,44,-38,17,2.22,0.261266,0
1580131422250.0,45,-49,17,-49.57,0.352196,0
1580131422500.0,50,-40,18,-16.82,0.312494,0
1580131422750.0,39,-41,18,-117.28,0.275354,0
1580131423000.0,35,-55,17,-2.94,0.30480999999999997,0
1580131423250.0,36,-48,20,-75.01,0.315056,0
1580131423500.0,42,-43,25,42.49,0.303529,0
1580131423750.0,37,-46,34,-83.3,0.28175700000000004,0
1580131424000.0,32,-32,24,34.21,0.167774,0
1580131424250.0,54,16,-12,-53.39,0.219002,0
1580131424500.0,64,35,-9,53.45,0.256143,0
1580131424750.0,35,26,18,-14.48,0.42647799999999997,0
1580131425000.0,127,26,7,77.42,0.258704,0
1580131425250.0,-104,13,31,96.87,0.131914,0
1580131425500.0,88,42,-15,223.59,0.261266,0
1580131425750.0,-102,0,23,103.29,0.271511,0
1580131426000.0,97,0,16,36.82,0.307371,0
1580131426250.0,59,-6,-21,241.17,0.253581,0
1580131426500.0,86,34,24,-407.28,0.25101999999999997,0
1580131426750.0,56,29,-3,346.01,0.227967,0
1580131427000.0,60,27,-4,-359.2,0.276634,0
1580131427250.0,58,27,-11,213.79,0.30480999999999997,0
1580131427500.0,53,22,-15,-240.42,0.309933,0
1580131427750.0,57,22,-20,64.3,0.307371,0
1580131428000.0,66,35,-29,12.83,0.309933,0
1580131428250.0,67,26,-20,-79.03,0.309933,0
1580131428500.0,-16,-1,-20,130.12,0.252301,0
1580131428750.0,-125,-24,-44,-80.95,0.309933,0
1580131429000.0,127,31,-41,42.41,0.313775,0
1580131429250.0,-49,-20,53,66.11,0.309933,0
1580131429500.0,127,11,-7,-32.02,0.293284,0
1580131429750.0,-23,-9,-3,60.03,0.254862,0
1580131430000.0,102,13,-20,-63.35,0.263827,0
1580131430250.0,39,-6,-56,373.1,0.290722,0
1580131430500.0,69,34,-17,-308.65,0.247178,0
1580131430750.0,83,-7,-21,124.09,0.311214,0
1580131431000.0,61,4,-48,-249.97,0.311214,0
1580131431250.0,50,-8,-41,56.01,0.308652,0
1580131431500.0,47,4,-41,159.51,0.308652,0
1580131431750.0,35,-9,-48,12.6,0.306091,0
1580131432000.0,54,-6,-34,-14.25,0.308652,0
1580131432250.0,46,-6,-41,-140.6,0.248459,0
1580131432500.0,48,-6,-39,-17.44,0.309933,0
1580131432750.0,46,-6,-40,-22.98,0.311214,0
1580131433000.0,46,-6,-42,-43.45,0.313775,0
1580131433250.0,45,-6,-42,116.03,0.312494,0
1580131433500.0,46,-7,-42,-91.09,0.312494,0
1580131433750.0,45,-7,-42,84.57,0.312494,0
1580131434000.0,44,-8,-42,-19.25,0.313775,0
1580131434250.0,43,-9,-43,85.16,0.317617,0
1580131434500.0,45,-8,-44,59.79,0.316336,0
1580131434750.0,47,-9,-43,-62.0,0.313775,0
1580131435000.0,46,-12,-43,72.59,0.315056,0
1580131435250.0,45,-7,-42,-13.76,0.316336,0
1580131435500.0,37,-12,-42,-42.52,0.257424,0
1580131435750.0,68,-6,-13,94.16,0.293284,0
1580131436000.0,62,1,4,20.47,0.227967,0
1580131436250.0,57,6,-15,-37.24,0.311214,0
1580131436500.0,69,8,18,107.34,0.24589699999999998,0
1580131436750.0,76,-35,15,118.74,0.299687,0
1580131437000.0,36,-58,-3,106.85,0.097334,0
1580131437250.0,25,-55,18,-89.87,0.183142,0
1580131437500.0,30,-51,6,40.77,0.185704,0
1580131437750.0,32,-54,5,-349.94,0.267669,0
1580131438000.0,37,-53,5,102.66,0.289441,0
1580131438250.0,33,-53,3,-158.07,0.1793,0
1580131438500.0,34,-53,5,-24.22,0.324021,0
1580131438750.0,29,-55,7,-97.23,0.365004,0
1580131439000.0,37,-55,1,118.05,0.248459,0
1580131439250.0,34,-54,2,25.34,0.321459,0
1580131439500.0,33,-54,9,-219.28,0.327863,0
1580131439750.0,31,-54,7,145.03,0.24333600000000002,0
1580131440000.0,36,-52,8,-14.82,0.130633,0
1580131440250.0,34,-53,9,-169.3,0.131914,0
1580131440500.0,36,-57,16,113.97,0.22284400000000001,0
1580131440750.0,32,-48,5,13.98,0.249739,0
1580131441000.0,37,-54,-3,-47.28,0.15240499999999998,0
1580131441250.0,80,4,-18,171.03,0.317617,0
1580131441500.0,55,23,-31,240.56,0.081966,0
1580131441750.0,42,68,-34,368.58,0.32274,0
1580131442000.0,79,48,-19,-19.1,0.162651,0
1580131442250.0,-26,73,-68,-420.33,0.334266,0
1580131442500.0,127,126,8,357.66,0.329144,0
1580131442750.0,12,32,-41,-146.11,0.312494,0
1580131443000.0,-27,-16,-1,-281.95,0.308652,0
1580131443250.0,26,35,-48,0.52,0.30096799999999996,0
1580131443500.0,127,63,-1,-161.02,0.306091,0
1580131443750.0,55,-1,27,34.51,0.290722,0
1580131444000.0,73,-11,7,-10.6,0.261266,0
1580131444250.0,60,-4,9,52.42,0.297126,0
1580131444500.0,65,-10,32,-167.21,0.297126,0
1580131444750.0,46,-1,14,174.7,0.303529,0
1580131445000.0,58,-15,32,12.85,0.294564,0
1580131445250.0,49,-19,33,-256.65,0.309933,0
1580131445500.0,47,-17,33,-44.49,0.308652,0
1580131445750.0,51,-18,34,163.62,0.312494,0
1580131446000.0,49,-19,29,-78.16,0.316336,0
1580131446250.0,52,-18,29,34.76,0.317617,0
1580131446500.0,63,-6,21,-51.99,0.312494,0
1580131446750.0,52,13,0,69.16,0.316336,0
1580131447000.0,64,19,27,28.99,0.313775,0
1580131447250.0,49,5,43,-92.74,0.316336,0
1580131447500.0,45,5,41,27.94,0.32274,0
1580131447750.0,50,5,41,-44.23,0.321459,0
1580131448000.0,41,-4,41,-31.84,0.32274,0
1580131448250.0,48,-7,43,127.17,0.324021,0
1580131448500.0,43,0,41,-85.02,0.324021,0
1580131448750.0,48,-2,41,-42.41,0.325301,0
1580131449000.0,43,-2,40,-68.7,0.325301,0
1580131449250.0,49,-6,44,16.28,0.32658200000000004,0
1580131449500.0,57,-1,46,-40.81,0.327863,0
1580131449750.0,48,-3,46,29.54,0.327863,0
1580131450000.0,44,-11,34,-3.93,0.330424,0
1580131450250.0,33,-15,39,31.39,0.331705,0
1580131450500.0,53,-15,36,59.92,0.329144,0
1580131450750.0,74,-1,46,-47.69,0.331705,0
1580131451000.0,48,-15,35,78.67,0.330424,0
1580131451250.0,48,-20,33,-123.24,0.331705,0
1580131451500.0,58,-7,33,-3.56,0.331705,0
1580131451750.0,64,3,-17,-98.33,0.32274,0
1580131452000.0,41,13,-38,59.14,0.320179,0
1580131452250.0,55,13,-33,-21.97,0.302249,0
1580131452500.0,49,29,-28,-41.32,0.315056,0
1580131452750.0,29,33,40,-119.73,0.316336,0
1580131453000.0,77,18,7,105.99,0.37140700000000004,0
1580131453250.0,-21,11,63,124.83,0.32274,0
1580131453500.0,-128,-15,-46,263.1,0.32658200000000004,0
1580131453750.0,119,20,-22,82.2,0.14472100000000002,0
1580131454000.0,-54,15,-42,-184.29,0.339389,0
1580131454250.0,113,20,-2,-56.18,0.21131799999999998,0
1580131454500.0,-53,-13,21,94.17,0.373969,0
1580131454750.0,-3,2,8,-70.75,0.294564,0
1580131455000.0,-23,18,14,9.16,0.30096799999999996,0
1580131455250.0,20,2,42,-185.95,0.327863,0
1580131455500.0,127,31,-12,298.73,0.320179,0
1580131455750.0,-80,2,-47,1.76,0.327863,0
1580131456000.0,127,48,-17,83.95,0.28175700000000004,0
1580131456250.0,-120,-26,-51,-124.25,0.334266,0
1580131456500.0,96,27,-21,41.37,0.325301,0
1580131456750.0,-80,-23,50,-49.77,0.321459,0
1580131457000.0,80,21,-8,-199.57,0.320179,0
1580131457250.0,-70,-10,48,189.89,0.329144,0
1580131457500.0,96,14,11,-251.38,0.32658200000000004,0
1580131457750.0,-46,0,25,331.54,0.325301,0
1580131458000.0,74,23,-49,-213.64,0.329144,0
1580131458250.0,58,6,-22,186.59,0.325301,0
1580131458500.0,57,17,-32,-203.75,0.325301,0
1580131458750.0,52,18,-26,327.93,0.32658200000000004,0
1580131459000.0,55,1,-16,-201.98,0.32658200000000004,0
1580131459250.0,60,7,-19,-8.39,0.331705,0
1580131459500.0,65,0,17,-19.59,0.329144,0
1580131459750.0,56,-4,37,-0.84,0.32658200000000004,0
1580131460000.0,63,-5,37,46.58,0.330424,0
1580131460250.0,49,-7,38,138.64,0.335547,0
1580131460500.0,49,-9,38,52.23,0.334266,0
1580131460750.0,47,-9,37,-99.34,0.336828,0
1580131461000.0,70,2,30,25.67,0.335547,0
1580131461250.0,31,-99,10,-25.4,0.330424,0
1580131461500.0,37,1,-54,59.62,0.330424,0
1580131461750.0,36,15,-46,-25.77,0.32658200000000004,0
1580131462000.0,25,13,-49,-22.48,0.329144,0
1580131462250.0,40,19,-46,-143.16,0.315056,0
1580131462500.0,51,25,-33,234.33,0.329144,0
1580131462750.0,53,25,-13,-261.49,0.330424,0
1580131463000.0,47,33,-31,60.7,0.329144,0
1580131463250.0,41,25,-44,318.26,0.331705,0
1580131463500.0,77,25,-2,152.16,0.363723,0
1580131463750.0,31,14,42,-120.63,0.331705,0
1580131464000.0,18,13,73,-141.22,0.21387899999999999,0
1580131464250.0,-39,-8,46,-97.03,0.402144,0
1580131464500.0,-9,27,66,316.16,0.339389,0
1580131464750.0,-10,23,63,-33.85,0.299687,0
1580131465000.0,-45,-8,37,-191.15,0.277915,0
1580131465250.0,-48,5,37,-13.5,0.25998499999999997,0
1580131465500.0,27,40,42,-76.78,0.372688,0
1580131465750.0,-68,-11,30,91.62,0.349635,0
1580131466000.0,-37,25,51,-54.04,0.3586,0
1580131466250.0,-20,47,27,-24.63,0.146001,0
1580131466500.0,-53,-1,28,95.12,0.325301,0
1580131466750.0,-61,10,32,37.95,0.332986,0
1580131467000.0,25,69,39,-77.63,0.335547,0
1580131467250.0,-12,32,29,44.79,0.18698399999999998,0
1580131467500.0,-85,-16,37,-60.88,0.375249,0
1580131467750.0,-19,26,36,-36.97,0.294564,0
1580131468000.0,-6,64,55,-73.81,0.350916,0
1580131468250.0,-38,11,21,-45.1,0.343231,0
1580131468500.0,-78,-9,40,3.85,0.354758,0
1580131468750.0,26,25,72,-66.57,0.338109,0
1580131469000.0,-61,0,0,6.68,0.30480999999999997,0
1580131469250.0,127,-15,-18,55.38,0.341951,0
1580131469500.0,42,6,16,-1.16,0.240774,0
1580131469750.0,127,-26,-27,17.45,0.366284,0
1580131470000.0,69,-7,16,23.39,0.327863,0
1580131470250.0,-7,-16,-2,-112.07,0.377811,0
1580131470500.0,103,13,64,369.63,0.344512,0
1580131470750.0,-20,-14,27,-118.69,0.34579299999999996,0
1580131471000.0,127,-49,27,141.96,0.325301,0
1580131471250.0,12,-16,34,-34.94,0.354758,0
1580131471500.0,-4,-25,23,-90.45,0.318898,0
1580131471750.0,87,-7,3,-45.93,0.349635,0
1580131472000.0,-14,7,12,-64.06,0.34067,0
1580131472250.0,127,-51,-24,238.21,0.353477,0
1580131472500.0,81,-8,21,-138.89,0.341951,0
1580131472750.0,-40,-3,38,-53.71,0.317617,0
1580131473000.0,77,15,-25,208.66,0.347074,0
1580131473250.0,66,17,6,-198.17,0.344512,0
1580131473500.0,-3,24,16,236.7,0.343231,0
1580131473750.0,-24,5,-20,-108.76,0.349635,0
1580131474000.0,87,7,-45,-116.18,0.34579299999999996,0
1580131474250.0,72,23,17,329.43,0.339389,0
1580131474500.0,-48,13,37,-39.8,0.352196,0
1580131474750.0,34,4,29,-180.34,0.32658200000000004,0
1580131475000.0,33,1,-105,-395.05,0.299687,0
1580131475250.0,59,24,-18,688.03,0.339389,0
1580131475500.0,22,40,29,-99.77,0.28688,0
1580131475750.0,-48,26,36,-297.46,0.327863,0
1580131476000.0,0,4,10,-361.19,0.411109,0
1580131476250.0,92,13,-54,496.63,0.348354,0
1580131476500.0,52,7,-28,57.16,0.34067,0
1580131476750.0,45,12,18,-117.44,0.341951,0
1580131477000.0,62,6,24,-210.54,0.344512,0
1580131477250.0,69,-7,-2,-270.13,0.320179,0
1580131477500.0,59,2,-1,641.81,0.341951,0
1580131477750.0,58,-2,-2,22.95,0.344512,0
1580131478000.0,62,-2,-2,-153.49,0.343231,0
1580131478250.0,61,-3,-1,-143.86,0.34579299999999996,0
1580131478500.0,60,-6,-5,38.61,0.34579299999999996,0
1580131478750.0,74,15,17,-76.17,0.343231,0
1580131479000.0,50,-4,24,62.79,0.344512,0
1580131479250.0,55,12,26,-29.65,0.349635,0
1580131479500.0,58,13,9,45.25,0.34579299999999996,0
1580131479750.0,60,2,0,23.5,0.34579299999999996,0
1580131480000.0,62,4,-2,89.88,0.34579299999999996,0
1580131480250.0,57,3,-4,55.39,0.348354,0
1580131480500.0,61,-2,-5,-115.07,0.349635,0
1580131480750.0,62,1,-4,17.13,0.344512,0
1580131481000.0,61,-1,-6,-45.33,0.347074,0
1580131481250.0,62,-4,-8,38.34,0.349635,0
1580131481500.0,62,-2,-9,32.41,0.347074,0
1580131481750.0,62,-3,-10,-61.16,0.347074,0
1580131482000.0,61,-3,-9,79.21,0.347074,0
1580131482250.0,61,-3,-9,-66.2,0.348354,0
1580131482500.0,62,-3,-8,69.46,0.349635,0
1580131482750.0,61,-3,-9,60.18,0.348354,0
1580131483000.0,61,-4,-10,-86.81,0.349635,0
1580131483250.0,61,-4,-9,71.39,0.349635,0
1580131483500.0,62,-4,-10,-41.47,0.349635,0
1580131483750.0,61,-6,-10,-26.91,0.350916,0
1580131484000.0,61,-4,-10,86.17,0.349635,0
1580131484250.0,61,-7,-8,-41.4,0.349635,0
1580131484500.0,61,-8,-8,-95.14,0.350916,0
1580131484750.0,61,-8,-8,92.4,0.350916,0
1580131485000.0,61,-9,-8,-29.54,0.350916,0
1580131485250.0,60,-10,-9,-74.64,0.352196,0
1580131485500.0,61,-10,-9,89.13,0.350916,0
1580131485750.0,60,-10,-9,-47.52,0.352196,0
1580131486000.0,60,-10,-8,-28.61,0.352196,0
1580131486250.0,59,-10,-9,56.11,0.352196,0
1580131486500.0,58,-15,-10,-70.21,0.352196,0
1580131486750.0,69,-23,-13,69.2,0.352196,0
1580131487000.0,74,-21,4,-0.27,0.354758,0
1580131487250.0,56,-20,2,-42.97,0.357319,0
1580131487500.0,58,-27,0,59.41,0.352196,0
1580131487750.0,60,-25,1,-93.98,0.354758,0
1580131488000.0,58,-25,2,62.77,0.353477,0
1580131488250.0,57,-25,2,115.13,0.354758,0
1580131488500.0,56,-26,0,-136.04,0.354758,0
1580131488750.0,52,-31,1,51.66,0.357319,0
1580131489000.0,54,-37,-10,-65.8,0.3586,0
1580131489250.0,45,-36,-12,63.99,0.354758,0
1580131489500.0,58,-27,2,-60.97,0.354758,0
1580131489750.0,56,-24,12,123.24,0.356039,0
1580131490000.0,53,-26,16,1.29,0.357319,0
1580131490250.0,50,-30,18,-46.5,0.3586,0
1580131490500.0,50,-25,24,-18.5,0.23309000000000002,0
1580131490750.0,59,-20,34,-49.67,0.320179,0
1580131491000.0,93,62,5,66.92,0.368846,0
1580131491250.0,8,-24,-128,-101.97,0.350916,0
1580131491500.0,61,81,-128,62.81,0.370126,0
1580131491750.0,50,123,-69,-19.2,0.169054,0
1580131492000.0,-114,-13,127,-17.48,0.069159,0
1580131492250.0,-4,39,31,-59.46,0.055071,0
1580131492500.0,62,65,-2,115.05,0.15496600000000002,0
1580131492750.0,42,-26,34,-158.77,0.327863,0
1580131493000.0,-6,18,-13,-352.39,0.384214,0
1580131493250.0,-46,24,15,307.82,0.482829,0
1580131493500.0,20,94,14,79.07,0.087089,0
1580131493750.0,7,48,9,-28.52,0.149844,0
1580131494000.0,35,42,38,-24.65,0.11398399999999999,0
1580131494250.0,15,-16,-41,97.29,0.067878,0
1580131494500.0,127,76,52,-36.74,0.08580800000000001,0
1580131494750.0,76,-15,5,147.11,0.08580800000000001,0
1580131495000.0,-93,-38,-128,164.82,0.081966,0
1580131495250.0,15,102,47,57.61,0.12550999999999998,1
1580131495500.0,-94,-43,-128,-100.04,0.057632,1
1580131495750.0,-109,49,-128,-212.08,0.043544,1
1580131496000.0,83,40,17,-97.06,0.10373800000000001,1
1580131496250.0,50,-44,42,440.68,0.28688,1
1580131496500.0,28,-20,46,-40.81,0.094773,1
1580131496750.0,34,-58,20,-127.95,0.10886099999999999,1
1580131497000.0,-53,28,-87,-26.07,0.1793,1
1580131497250.0,40,-74,51,-97.8,0.146001,1
1580131497500.0,24,-37,52,-63.99,0.386776,1
1580131497750.0,41,-38,16,112.06,0.402144,1
1580131498000.0,29,-95,0,183.59,0.306091,1
1580131498250.0,50,-60,61,-68.55,0.193388,1
1580131498500.0,8,-10,16,-24.71,0.10245699999999999,1
1580131498750.0,-76,46,22,-82.05,0.078124,1
1580131499000.0,22,-50,30,-21.47,0.090931,1
1580131499250.0,43,-17,48,-130.28,0.055071,1
1580131499500.0,62,-35,-1,275.34,0.055071,1
1580131499750.0,61,26,29,-145.15,0.1793,1
1580131500000.0,11,-96,9,72.64,0.106299,1
1580131500250.0,-24,-45,-4,-30.77,0.069159,1
1580131500500.0,52,-45,43,-58.19,0.070439,1
1580131500750.0,-5,-11,-14,236.89,0.092211,1
1580131501000.0,87,-52,92,85.7,0.23309000000000002,1
1580131501250.0,15,-55,-8,-122.33,0.138317,1
1580131501500.0,-29,-97,-44,-149.73,0.37653000000000003,1
1580131501750.0,43,-128,78,58.13,0.42647799999999997,1
1580131502000.0,6,-17,2,-64.66,0.193388,1
1580131502250.0,109,-52,63,100.34,0.275354,1
1580131502500.0,-33,-17,-25,44.22,0.12550999999999998,1
1580131502750.0,16,-50,-5,-246.79,0.192107,1
1580131503000.0,69,-90,28,174.11,0.15240499999999998,1
1580131503250.0,-1,9,7,-127.53,0.397021,1
1580131503500.0,67,-109,107,104.9,0.359881,1
1580131503750.0,-5,-86,-44,85.5,0.285599,1
1580131504000.0,5,-61,8,-182.56,0.238213,1
1580131504250.0,41,-32,13,157.54,0.25101999999999997,1
1580131504500.0,19,-76,28,-142.13,0.21516,1
1580131504750.0,48,34,-45,-117.59,0.181861,1
1580131505000.0,17,102,75,151.11,0.106299,1
1580131505250.0,1,35,0,-212.99,0.368846,1
1580131505500.0,71,5,32,-38.85,0.29584499999999997,1
1580131505750.0,127,-2,64,-31.76,0.117826,1
1580131506000.0,46,6,50,61.78,0.267669,1
1580131506250.0,34,11,48,129.85,0.285599,1
1580131506500.0,51,16,42,305.37,0.332986,1
1580131506750.0,52,12,40,-193.62,0.240774,1
1580131507000.0,47,14,42,-164.67,0.359881,1
1580131507250.0,47,15,42,57.76,0.375249,1
1580131507500.0,43,16,41,83.77,0.20363399999999998,1
1580131507750.0,46,16,42,8.89,0.184423,1
1580131508000.0,46,16,41,-40.26,0.36756500000000003,1
1580131508250.0,47,16,42,-29.27,0.368846,1
1580131508500.0,47,15,41,-27.09,0.370126,1
1580131508750.0,45,16,39,34.05,0.365004,1
1580131509000.0,47,16,38,16.34,0.37140700000000004,1
1580131509250.0,49,16,41,316.62,0.370126,1
1580131509500.0,46,14,43,-206.07,0.373969,1
1580131509750.0,46,15,41,-220.37,0.372688,1
1580131510000.0,46,17,41,-52.91,0.373969,1
1580131510250.0,47,17,39,6.79,0.37653000000000003,1
1580131510500.0,48,16,39,22.79,0.375249,1
1580131510750.0,46,16,41,-5.32,0.377811,1
1580131511000.0,47,16,41,34.41,0.373969,1
1580131511250.0,45,16,42,137.8,0.37653000000000003,1
1580131511500.0,44,16,43,96.53,0.377811,1
1580131511750.0,44,15,43,0.4,0.377811,1
1580131512000.0,43,15,45,-226.14,0.354758,1
1580131512250.0,45,15,43,-356.54,0.377811,1
1580131512500.0,45,15,41,-177.55,0.379091,1
1580131512750.0,46,15,41,137.14,0.380372,1
1580131513000.0,44,14,43,425.37,0.377811,1
1580131513250.0,46,14,42,259.12,0.379091,1
1580131513500.0,45,15,43,-66.66,0.382934,1
1580131513750.0,44,14,43,-263.33,0.381653,1
1580131514000.0,45,14,45,-177.54,0.377811,1
1580131514250.0,34,-11,50,-112.95,0.28688,1
1580131514500.0,50,32,39,-44.75,0.11910599999999999,1
1580131514750.0,38,16,49,17.18,0.170335,1
1580131515000.0,36,1,51,-126.06,0.130633,1
1580131515250.0,66,3,55,179.87,0.29584499999999997,1
1580131515500.0,35,11,47,-55.18,0.087089,1
1580131515750.0,37,14,53,203.81,0.026895,1
1580131516000.0,40,14,54,60.51,0.169054,1
1580131516250.0,40,11,46,-72.43,0.29584499999999997,1
1580131516500.0,37,10,44,-33.45,0.058913,1
1580131516750.0,39,7,54,-282.4,0.454654,1
1580131517000.0,33,10,54,65.88,0.441846,1
1580131517250.0,44,16,51,-9.26,0.325301,1
1580131517500.0,42,12,60,-168.51,0.115264,1
1580131517750.0,40,16,39,-128.62,0.074281,1
1580131518000.0,63,12,16,-11.06,0.149844,1
1580131518250.0,90,1,23,99.27,0.048667,1
1580131518500.0,55,13,33,96.21,0.033299,1
1580131518750.0,50,15,33,1.24,0.024334,1
1580131519000.0,51,16,34,212.7,0.01793,1
1580131519250.0,51,16,34,368.97,0.024334,1
1580131519500.0,51,17,33,-53.16,0.034579,1
1580131519750.0,51,16,33,-422.05,0.016649,1
1580131520000.0,51,16,34,-137.94,0.014088,1
1580131520250.0,52,16,34,32.56,0.016649,1
1580131520500.0,51,16,34,-88.25,0.037141,1
1580131520750.0,50,17,34,8.75,0.038421,1
1580131521000.0,51,17,34,-5.9,0.037141,1
1580131521250.0,50,17,35,-51.58,0.03586,1
1580131521500.0,51,16,34,76.03,0.051229,1
1580131521750.0,50,16,34,-40.49,0.067878,1
1580131522000.0,51,17,34,37.11,0.10373800000000001,1
1580131522250.0,54,10,35,62.29,0.096054,1
1580131522500.0,47,16,23,-9.28,0.30096799999999996,1
1580131522750.0,53,16,29,65.55,0.43928500000000004,1
1580131523000.0,54,15,28,-79.6,0.362442,1
1580131523250.0,44,9,12,2.71,0.354758,1
1580131523500.0,52,16,31,-84.56,0.167774,1
1580131523750.0,56,18,29,91.11,0.112703,1
1580131524000.0,60,17,20,0.86,0.088369,1
1580131524250.0,51,14,32,4.49,0.076843,1
1580131524500.0,53,15,32,84.11,0.131914,1
1580131524750.0,52,13,33,6.74,0.306091,1
1580131525000.0,52,16,32,95.68,0.373969,1
1580131525250.0,51,15,35,-73.01,0.37653000000000003,1
1580131525500.0,48,14,37,-112.99,0.377811,1
1580131525750.0,53,14,41,-35.16,0.23052899999999998,1
1580131526000.0,20,11,43,42.55,0.28175700000000004,1
1580131526250.0,40,11,40,-16.98,0.043544,1
1580131526500.0,41,9,32,-7.24,0.061474,1
1580131526750.0,48,19,10,57.35,0.12166800000000001,1
1580131527000.0,-128,-128,-128,-10.21,0.112703,1
1580131527250.0,-38,6,-12,297.48,0.011526,1
1580131527500.0,-50,17,-62,67.84,0.005123,1
1580131527750.0,-1,-17,-45,-55.22,0.006404000000000001,1
1580131528000.0,24,32,-48,-396.7,0.005123,1
1580131528250.0,-11,66,-32,43.64,0.002561,1
1580131528500.0,1,66,1,35.33,0.0038420000000000004,1
1580131528750.0,-1,64,2,4.14,0.005123,1
1580131529000.0,0,64,2,4.33,0.005123,1
1580131529250.0,-2,65,2,18.11,0.0038420000000000004,1
1580131529500.0,-1,65,2,71.61,0.005123,1
1580131529750.0,-1,64,2,-56.66,0.005123,1
1580131530000.0,-1,65,2,-8.73,0.005123,1
1580131530250.0,-3,61,-5,-41.46,0.0038420000000000004,1
1580131530500.0,-31,86,19,-289.87,0.0038420000000000004,1
1580131530750.0,-14,25,-60,110.61,0.005123,1
1580131531000.0,-10,-16,-11,-29.51,0.005123,1
1580131531250.0,-12,73,123,-143.02,0.0038420000000000004,1
1580131531500.0,-8,29,-73,256.55,0.002561,1
1580131531750.0,-3,14,-121,331.79,0.005123,1
1580131532000.0,-5,9,-107,-100.48,0.007684000000000001,1
1580131532250.0,49,11,76,-102.07,0.0038420000000000004,1
1580131532500.0,1,65,10,-26.57,0.005123,1
1580131532750.0,8,79,6,-65.82,0.006404000000000001,1
1580131533000.0,-3,34,25,71.85,0.065316,1
1580131533250.0,-16,100,43,-0.68,0.48411000000000004,0
1580131533500.0,-24,16,52,-63.02,0.002561,0
1580131533750.0,3,7,40,-13.58,0.005123,0
1580131534000.0,30,20,48,-102.59,0.0038420000000000004,0
1580131534250.0,-43,41,38,105.67,0.005123,0
1580131534500.0,-4,69,23,152.37,0.001281,0
1580131534750.0,-50,9,39,-92.91,0.005123,0
1580131535000.0,-30,-22,41,90.35,0.006404000000000001,0
1580131535250.0,-68,-8,54,8.36,0.005123,0
1580131535500.0,-37,-7,72,-92.51,0.0038420000000000004,0
1580131535750.0,-13,20,58,90.96,0.006404000000000001,0
1580131536000.0,-11,-46,68,-60.66,0.0038420000000000004,0
1580131536250.0,31,3,42,59.5,0.0038420000000000004,0
1580131536500.0,-28,-17,74,8.37,0.005123,0
1580131536750.0,-52,-4,35,-4.51,0.005123,0
1580131537000.0,-42,-31,19,-14.38,0.012806999999999999,0
1580131537250.0,-59,-20,40,-47.24,0.005123,0
1580131537500.0,-48,-16,38,69.37,0.008965,0
1580131537750.0,-56,-20,32,-36.12,0.005123,0
1580131538000.0,-51,-19,34,96.97,0.007684000000000001,0
1580131538250.0,-57,-14,34,-72.55,0.008965,0
1580131538500.0,-59,-9,33,64.56,0.012806999999999999,0
1580131538750.0,-77,-8,8,34.56,0.016649,0
1580131539000.0,-52,-34,-11,25.75,0.015368999999999999,0
1580131539250.0,-55,-26,-8,-63.12,0.020491,0
1580131539500.0,-55,-14,-27,6.21,0.07172,0
1580131539750.0,-57,-15,-28,-17.25,0.046106,0
1580131540000.0,-51,-29,-27,3.54,0.015368999999999999,0
1580131540250.0,-51,-30,-27,-43.63,0.008965,0
1580131540500.0,-59,-29,-23,28.2,0.016649,0
1580131540750.0,-45,-12,-12,3.53,0.096054,0
1580131541000.0,-46,-30,-4,0.27,0.016649,0
1580131541250.0,-54,-34,3,-4.34,0.11142200000000001,0
1580131541500.0,-62,-27,-18,37.23,0.03586,0
1580131541750.0,-58,-23,-11,-27.13,0.011526,0
1580131542000.0,-52,-20,-3,117.28,0.094773,0
1580131542250.0,-37,-12,35,16.45,0.10373800000000001,0
1580131542500.0,-47,-36,-1,12.42,0.048667,0
1580131542750.0,-59,-25,-22,145.14,0.094773,0
1580131543000.0,-54,-18,-42,147.01,0.23180900000000002,0
1580131543250.0,-55,-12,-34,-735.29,0.137036,0
1580131543500.0,-63,-28,-17,-151.29,0.148563,0
1580131543750.0,22,-52,9,253.36,0.019211000000000002,0
1580131544000.0,-50,-5,20,61.63,0.005123,0
1580131544250.0,-83,8,-12,122.34,0.006404000000000001,0
1580131544500.0,-47,-11,54,-70.96,0.010246,0
1580131544750.0,-46,-6,47,-5.88,0.006404000000000001,0
1580131545000.0,-43,-13,31,69.49,0.005123,0
1580131545250.0,-29,-40,1,-106.01,0.011526,0
1580131545500.0,-72,-28,-4,-4.28,0.008965,0
1580131545750.0,-52,-10,2,100.06,0.008965,0
1580131546000.0,-58,-6,-1,8.9,0.011526,0
1580131546250.0,-63,-3,12,-66.31,0.705674,0
1580131546500.0,-54,-15,10,91.45,0.0,0
1580131546750.0,-67,-4,-4,47.57,0.047386000000000005,0
1580131547000.0,-60,-8,-9,112.02,0.64548,0
1580131547250.0,-57,-19,-5,-52.77,0.289441,0
1580131547500.0,-73,-7,-15,-5.17,0.836306,0
1580131547750.0,-73,-16,-4,6.25,0.394727,0
1580131548000.0,-90,-16,-7,-20.82,0.0,0
1580131548250.0,-64,27,10,-8.13,0.0,0
1580131548500.0,-109,-43,-1,-4.82,0.131914,0
1580131548750.0,-18,-29,51,104.2,0.074281,0
1580131549000.0,-60,5,51,-234.79,0.070439,0
1580131549250.0,-56,-9,35,131.11,0.074281,0
1580131549500.0,-54,-9,38,-96.57,0.092211,0
1580131549750.0,-53,-2,22,220.24,0.058913,0
1580131550000.0,-35,-2,50,-100.86,0.135756,0
1580131550250.0,-62,-15,31,-47.92,0.149844,0
1580131550500.0,-63,-16,17,18.86,0.037141,0
1580131550750.0,-50,-28,24,-58.7,0.049948,0
1580131551000.0,-28,-62,5,57.17,0.073001,0
1580131551250.0,-35,-45,-5,-12.69,0.067878,0
1580131551500.0,-21,-12,68,-25.6,0.148563,0
1580131551750.0,-31,-27,31,100.47,0.037141,0
1580131552000.0,-12,-44,54,-53.17,0.11654500000000001,0
1580131552250.0,-51,-43,25,159.21,0.078124,0
1580131552500.0,-22,-36,49,-165.94,0.12679100000000001,0
1580131552750.0,1,-48,47,-497.92,0.049948,0
1580131553000.0,5,-39,46,-28.13,0.010246,0
1580131553250.0,-54,-34,24,368.72,0.016649,0
1580131553500.0,-24,-47,26,-83.25,0.019211000000000002,0
1580131553750.0,-29,-48,51,-386.97,0.016649,0
1580131554000.0,-43,-39,16,287.8,0.029456,0
1580131554250.0,-33,-63,37,159.9,0.01793,0
1580131554500.0,-37,-19,48,-200.6,0.033299,0
1580131554750.0,-16,-25,62,185.27,0.033299,0
1580131555000.0,-37,-18,50,-92.02,0.06275499999999999,0
1580131555250.0,-43,-14,47,-75.79,0.06275499999999999,0
1580131555500.0,-35,-14,54,-11.84,0.135756,0
1580131555750.0,-39,-14,52,-16.1,0.10758,0
1580131556000.0,-39,-14,51,-1.54,0.134475,0
1580131556250.0,-37,-14,52,21.96,0.163931,0
1580131556500.0,-41,-15,50,-7.05,0.14344,0
1580131556750.0,-37,-15,52,-26.92,0.14472100000000002,0
1580131557000.0,-40,-15,50,-18.89,0.140879,0
1580131557250.0,-40,-14,50,14.7,0.146001,0
1580131557500.0,-41,-15,49,-86.47,0.147282,0
1580131557750.0,-43,-15,47,140.42,0.146001,0
1580131558000.0,-43,-15,48,13.13,0.14472100000000002,0
1580131558250.0,-42,-15,48,-67.65,0.149844,0
1580131558500.0,-41,-15,49,59.73,0.151124,0
1580131558750.0,-44,-17,40,-160.28,0.146001,0
1580131559000.0,-32,-15,53,105.53,0.151124,0
1580131559250.0,-45,-14,47,-101.81,0.151124,0
1580131559500.0,-45,-15,45,88.76,0.151124,0
1580131559750.0,-46,-15,45,-50.28,0.15240499999999998,0
1580131560000.0,-48,-15,42,-17.02,0.15240499999999998,0
1580131560250.0,-48,-16,42,156.3,0.15496600000000002,0
1580131560500.0,-49,-16,41,-132.76,0.153686,0
1580131560750.0,-49,-15,41,137.59,0.15496600000000002,0
1580131561000.0,-49,-15,40,21.72,0.153686,0
1580131561250.0,-51,-16,39,-82.08,0.15496600000000002,0
1580131561500.0,-49,-15,40,79.56,0.153686,0
1580131561750.0,-50,-16,39,-157.43,0.15496600000000002,0
1580131562000.0,-48,-17,40,111.18,0.153686,0
1580131562250.0,-53,-11,40,6.52,0.157528,0
1580131562500.0,-53,-11,22,-136.36,0.15496600000000002,0
1580131562750.0,-60,-38,35,81.21,0.099896,0
1580131563000.0,-4,42,51,-173.34,0.098615,0
1580131563250.0,-19,29,50,-8.18,0.16137,0
1580131563500.0,-49,-27,43,-117.28,0.151124,0
1580131563750.0,12,22,71,-180.18,0.172896,0
1580131564000.0,-38,8,56,106.24,0.079404,0
1580131564250.0,-55,7,33,238.82,0.056351,0
1580131564500.0,-36,28,47,-53.35,0.060194000000000004,0
1580131564750.0,-57,39,46,239.85,0.076843,0
1580131565000.0,-39,14,39,406.77,0.040983,0
1580131565250.0,-20,-4,58,-110.19,0.008965,0
1580131565500.0,-17,-7,59,-598.12,0.032018,0
1580131565750.0,-46,33,43,111.94,0.16137,0
1580131566000.0,1,30,10,452.95,0.10245699999999999,0
1580131566250.0,8,-10,65,795.24,0.115264,0
1580131566500.0,-79,-25,3,-536.48,0.11398399999999999,0
1580131566750.0,-73,-21,38,-79.69,0.115264,0
1580131567000.0,-57,-9,35,116.77,0.106299,0
1580131567250.0,-55,-15,29,97.5,0.130633,0
1580131567500.0,-52,2,24,-90.94,0.074281,0
1580131567750.0,-70,12,74,-208.78,0.165212,0
1580131568000.0,-91,-17,31,202.07,0.11398399999999999,0
1580131568250.0,-50,-7,45,-203.78,0.080685,0
1580131568500.0,-48,-15,39,-218.81,0.105019,0
1580131568750.0,-34,-2,56,-9.21,0.134475,0
1580131569000.0,-59,-8,37,192.17,0.12550999999999998,0
1580131569250.0,-48,-9,44,-105.79,0.157528,0
1580131569500.0,-50,-9,44,-161.55,0.157528,0
1580131569750.0,-48,-12,44,-34.4,0.162651,0
1580131570000.0,-47,-10,43,-26.55,0.15880899999999998,0
1580131570250.0,-50,-10,45,165.56,0.174177,0
1580131570500.0,-47,-7,45,116.05,0.162651,0
1580131570750.0,-52,-10,39,8.59,0.16137,1
1580131571000.0,-46,-9,47,-8.44,0.15880899999999998,1
1580131571250.0,-54,-13,33,-96.78,0.176739,1
1580131571500.0,-52,-11,38,18.57,0.166493,1
1580131571750.0,-55,-9,35,-16.4,0.151124,1
1580131572000.0,-60,-6,31,-40.34,0.156247,1
1580131572250.0,-50,-15,40,128.57,0.169054,1
1580131572500.0,-34,-20,30,-59.87,0.166493,1
1580131572750.0,-55,-26,4,-82.74,0.227967,1
1580131573000.0,-55,-31,-7,114.82,0.049948,1
1580131573250.0,-54,-29,-7,-101.21,0.012806999999999999,1
1580131573500.0,-55,-29,-20,74.9,0.023053,1
1580131573750.0,-56,-27,-14,261.36,0.029456,1
1580131574000.0,-62,-27,-10,-120.24,0.12166800000000001,1
1580131574250.0,-59,-19,13,67.81,0.048667,1
1580131574500.0,-29,7,67,126.44,0.11910599999999999,1
1580131574750.0,-47,1,20,-85.99,0.038421,1
1580131575000.0,-55,-17,24,-21.99,0.039702,1
1580131575250.0,-55,-12,33,-160.68,0.05379,1
1580131575500.0,-74,-2,26,304.69,0.081966,1
1580131575750.0,-34,15,53,83.5,0.081966,1
1580131576000.0,-36,9,55,41.82,0.052509,1
1580131576250.0,-71,4,22,-232.21,0.044825,1
1580131576500.0,-45,9,35,-147.99,0.052509,1
1580131576750.0,-65,-6,17,207.7,0.014088,1
1580131577000.0,-14,12,76,-85.63,0.020491,1
1580131577250.0,-48,3,52,-82.15,0.070439,1
1580131577500.0,-21,19,84,344.62,0.10373800000000001,1
1580131577750.0,-16,6,67,-251.64,0.051229,1
1580131578000.0,-24,13,65,55.91,0.066597,1
1580131578250.0,-18,9,63,175.28,0.039702,1
1580131578500.0,-23,3,60,4.96,0.15240499999999998,1
1580131578750.0,-20,1,62,-122.81,0.11398399999999999,1
1580131579000.0,-45,-11,47,-81.07,0.234371,1
1580131579250.0,-26,1,60,165.99,0.073001,1
1580131579500.0,-23,1,61,-37.2,0.029456,1
1580131579750.0,-21,2,62,-68.69,0.252301,1
1580131580000.0,-22,1,62,178.52,0.163931,1
1580131580250.0,-24,1,62,50.93,0.096054,1
1580131580500.0,-27,6,60,86.72,0.14344,1
1580131580750.0,-24,0,62,-17.34,0.117826,1
1580131581000.0,-25,1,63,-495.59,0.170335,1
1580131581250.0,-18,2,64,116.75,0.18698399999999998,1
1580131581500.0,-20,1,63,-80.06,0.18698399999999998,1
1580131581750.0,-20,0,62,314.5,0.190826,1
1580131582000.0,-33,-1,52,17.38,0.178019,1
1580131582250.0,-41,-5,54,163.87,0.184423,1
1580131582500.0,-45,-6,44,-78.37,0.15496600000000002,1
1580131582750.0,-43,-5,48,21.24,0.105019,1
1580131583000.0,-43,-4,57,30.61,0.12422899999999999,1
1580131583250.0,-41,-1,61,157.85,0.175458,1
1580131583500.0,-44,-3,51,-222.43,0.083246,1
1580131583750.0,-39,1,53,-356.3,0.064036,1
1580131584000.0,-44,-1,46,-82.65,0.046106,1
1580131584250.0,-51,-1,44,280.11,0.098615,1
1580131584500.0,-60,-2,23,160.81,0.088369,1
1580131584750.0,-69,4,27,-48.14,0.12550999999999998,1
1580131585000.0,-58,2,37,117.39,0.081966,1
1580131585250.0,-52,-5,40,-32.55,0.040983,1
1580131585500.0,-59,1,41,-142.94,0.087089,1
1580131585750.0,-52,-2,37,-44.49,0.079404,1
1580131586000.0,-51,3,44,-5.67,0.147282,1
1580131586250.0,-37,3,52,14.63,0.180581,1
1580131586500.0,-35,-4,56,155.51,0.105019,1
1580131586750.0,-33,-5,60,-74.41,0.058913,1
1580131587000.0,-36,-1,57,156.02,0.10373800000000001,1
1580131587250.0,-57,2,43,-223.61,0.066597,1
1580131587500.0,-56,1,34,240.9,0.134475,1
1580131587750.0,-60,0,24,130.48,0.139598,1
1580131588000.0,-64,-4,12,-201.22,0.074281,1
1580131588250.0,-62,-1,23,101.95,0.079404,1
1580131588500.0,-65,-5,7,-165.04,0.11142200000000001,1
1580131588750.0,-63,-1,15,-49.79,0.11398399999999999,1
1580131589000.0,-63,-1,16,-282.15,0.11142200000000001,1
1580131589250.0,-64,0,13,-228.32,0.075562,1
1580131589500.0,-63,0,17,162.0,0.09349199999999999,1
1580131589750.0,-64,-1,13,235.72,0.11142200000000001,1
1580131590000.0,-61,-4,23,521.82,0.12166800000000001,1
1580131590250.0,-62,-5,20,730.24,0.12166800000000001,1
1580131590500.0,-61,-4,24,-620.42,0.12679100000000001,1
1580131590750.0,-61,-5,23,-295.63,0.12550999999999998,1
1580131591000.0,-59,-3,24,219.6,0.12679100000000001,1
1580131591250.0,-61,-4,25,126.73,0.128071,1
1580131591500.0,-47,-7,37,23.2,0.12679100000000001,1
1580131591750.0,-67,-9,11,46.33,0.140879,1
1580131592000.0,-115,3,13,247.98,0.10245699999999999,1
1580131592250.0,9,34,99,14.68,0.039702,0
1580131592500.0,-49,-20,25,-132.08,0.03586,0
1580131592750.0,-36,6,74,-453.83,0.110141,0
1580131593000.0,-19,112,36,-254.19,0.067878,0
1580131593250.0,-49,43,18,320.53,0.028176,0
1580131593500.0,-73,7,26,-268.37,0.03586,0
1580131593750.0,-24,-3,65,-148.37,0.17161600000000002,0
1580131594000.0,-32,32,54,322.05,0.148563,0
1580131594250.0,-14,3,68,-103.58,0.146001,0
1580131594500.0,-31,-3,56,122.02,0.040983,0
1580131594750.0,0,35,81,265.34,0.016649,0
1580131595000.0,-16,-3,59,52.65,0.012806999999999999,0
1580131595250.0,-60,-12,40,-380.43,0.056351,0
1580131595500.0,-9,-25,52,35.12,0.032018,0
1580131595750.0,-59,-34,27,-21.01,0.043544,0
1580131596000.0,-56,-9,27,74.15,0.055071,0
1580131596250.0,-46,20,16,-81.74,0.03586,0
1580131596500.0,-35,7,43,-18.23,0.024334,0
1580131596750.0,-24,-12,45,-109.56,0.019211000000000002,0
1580131597000.0,-34,-17,42,-70.38,0.034579,1
1580131597250.0,-36,-10,48,701.51,0.037141,1
1580131597500.0,-128,127,127,-213.74,0.029456,1
1580131597750.0,-51,7,45,-363.16,0.24333600000000002,1
1580131598000.0,-58,9,27,-319.18,0.18826500000000002,1
1580131598250.0,-57,12,27,45.25,0.21259899999999998,1
1580131598500.0,-61,10,22,414.61,0.201072,1
1580131598750.0,-58,11,24,983.74,0.202353,1
1580131599000.0,-44,8,50,-343.53,0.160089,1
1580131599250.0,-28,4,38,-234.48,0.042263999999999996,1
1580131599500.0,-46,-3,42,-407.25,0.016649,1
1580131599750.0,-54,-6,36,-61.14,0.12679100000000001,1
1580131600000.0,0,-15,66,185.13,0.097334,1
1580131600250.0,-28,-20,-4,92.08,0.133194,1
1580131600500.0,-31,-41,65,-329.7,0.130633,1
1580131600750.0,-21,45,55,-46.53,0.220283,1
1580131601000.0,-55,92,41,80.76,0.184423,1
1580131601250.0,-42,-3,40,146.54,0.224125,1
1580131601500.0,-69,3,29,583.7,0.19723,1
1580131601750.0,-55,28,67,-261.45,0.153686,1
1580131602000.0,-27,-9,42,-166.65,0.199791,1
1580131602250.0,-49,4,38,-206.88,0.198511,1
1580131602500.0,11,43,76,206.09,0.229248,1
1580131602750.0,-39,8,56,-24.6,0.236932,1
1580131603000.0,1,-24,125,-26.29,0.208756,1
1580131603250.0,-26,2,61,20.34,0.105019,1
1580131603500.0,-112,-93,127,-55.23,0.22284400000000001,1
1580131603750.0,-6,14,69,0.4,0.23565100000000003,1
1580131604000.0,-83,-49,2,38.13,0.20747600000000002,1
1580131604250.0,-52,10,25,317.22,0.134475,1
1580131604500.0,-47,2,47,180.14,0.134475,1
1580131604750.0,-35,19,53,184.73,0.115264,1
1580131605000.0,-19,2,66,-186.54,0.076843,1
1580131605250.0,-46,-17,49,-63.01,0.195949,1
1580131605500.0,-13,15,59,-1.02,0.18826500000000002,1
1580131605750.0,-58,17,38,-10.79,0.122949,1
1580131606000.0,-69,16,33,-9.83,0.22668600000000003,1
1580131606250.0,-54,23,27,96.93,0.163931,1
1580131606500.0,-63,13,28,-17.52,0.090931,1
1580131606750.0,-61,3,20,85.94,0.06275499999999999,1
1580131607000.0,-63,1,19,-148.54,0.026895,1
1580131607250.0,-63,0,17,-46.79,0.037141,1
1580131607500.0,-63,0,17,143.33,0.133194,1
1580131607750.0,-63,0,17,0.01,0.032018,1
1580131608000.0,-62,-1,17,244.8,0.03586,1
1580131608250.0,-62,0,18,-242.94,0.049948,1
1580131608500.0,-69,-1,20,-87.57,0.099896,1
1580131608750.0,-73,4,17,24.11,0.11654500000000001,1
1580131609000.0,-62,1,21,5.74,0.11398399999999999,1
1580131609250.0,-62,1,20,44.06,0.133194,1
1580131609500.0,-62,1,19,37.07,0.146001,1
1580131609750.0,-62,1,19,-290.82,0.165212,1
1580131610000.0,-63,1,20,190.79,0.157528,1
1580131610250.0,-61,1,20,204.86,0.15240499999999998,1
1580131610500.0,-62,2,21,52.46,0.148563,1
1580131610750.0,-62,1,20,2.27,0.160089,1
1580131611000.0,-62,0,19,-61.49,0.175458,1
1580131611250.0,-63,1,21,-70.44,0.14344,1
1580131611500.0,-62,1,22,-109.46,0.12679100000000001,1
1580131611750.0,-62,0,20,-40.86,0.133194,1
1580131612000.0,-62,-1,17,36.9,0.162651,1
1580131612250.0,-63,3,18,-18.66,0.183142,1
1580131612500.0,-62,0,21,-45.04,0.090931,1
1580131612750.0,-62,0,21,-21.5,0.190826,1
1580131613000.0,-62,0,21,-19.4,0.18826500000000002,1
1580131613250.0,-62,0,20,42.83,0.10373800000000001,1
1580131613500.0,-62,0,20,235.17,0.166493,1
1580131613750.0,-62,0,21,298.74,0.184423,1
1580131614000.0,-62,0,21,-11.5,0.185704,1
1580131614250.0,-62,0,20,-82.78,0.189546,1
1580131614500.0,-62,0,20,-111.72,0.189546,1
1580131614750.0,-62,0,21,-135.11,0.183142,1
1580131615000.0,-62,0,20,-175.36,0.189546,1
1580131615250.0,-63,0,20,8.58,0.189546,1
1580131615500.0,-60,-7,24,94.99,0.156247,1
1580131615750.0,-58,-3,44,98.67,0.18698399999999998,1
1580131616000.0,-46,-9,36,-31.47,0.074281,1
1580131616250.0,-49,-3,56,-35.79,0.112703,1
1580131616500.0,76,-51,39,-99.1,0.128071,1
1580131616750.0,-42,-12,35,-210.41,0.146001,1
1580131617000.0,-56,-7,30,95.09,0.120387,1
1580131617250.0,-125,-57,22,75.39,0.139598,1
1580131617500.0,48,64,127,243.75,0.198511,1
1580131617750.0,-41,-15,2,143.93,0.195949,1
1580131618000.0,-64,-19,46,-450.0,0.229248,1
1580131618250.0,-54,-16,32,-11.66,0.165212,1
1580131618500.0,-54,-17,32,289.32,0.122949,1
1580131618750.0,-55,-17,32,-307.36,0.139598,1
1580131619000.0,-55,-14,31,49.8,0.15496600000000002,1
1580131619250.0,-58,-17,31,348.38,0.157528,1
1580131619500.0,-71,-17,15,93.96,0.139598,1
1580131619750.0,-50,-20,36,-143.51,0.229248,1
1580131620000.0,-49,-19,37,-479.47,0.23052899999999998,1
1580131620250.0,-56,-16,31,-126.06,0.23180900000000002,1
1580131620500.0,-54,-16,32,132.41,0.23052899999999998,1
1580131620750.0,-57,-17,30,-24.96,0.23309000000000002,1
1580131621000.0,-56,-18,31,121.07,0.23180900000000002,1
1580131621250.0,-55,-18,31,109.49,0.23309000000000002,1
1580131621500.0,-54,-19,31,206.05,0.23180900000000002,1
1580131621750.0,-55,-18,31,-98.95,0.23180900000000002,1
1580131622000.0,-54,-18,32,-122.69,0.23180900000000002,1
1580131622250.0,-55,-18,31,-34.6,0.23180900000000002,1
1580131622500.0,-54,-19,32,-15.29,0.23180900000000002,1
1580131622750.0,-53,-17,33,25.19,0.23309000000000002,1
1580131623000.0,-54,-17,33,37.32,0.23180900000000002,1
1580131623250.0,-54,-18,33,11.55,0.23309000000000002,1
1580131623500.0,-58,-18,26,-30.41,0.23309000000000002,1
1580131623750.0,-56,-24,21,-93.88,0.23309000000000002,1
1580131624000.0,-56,-19,25,-43.41,0.210037,1
1580131624250.0,-50,1,34,16.58,0.23309000000000002,1
1580131624500.0,-56,-10,31,-5.49,0.20747600000000002,1
1580131624750.0,-56,-17,29,300.96,0.22284400000000001,1
1580131625000.0,-56,-17,30,451.51,0.234371,1
1580131625250.0,-55,-18,29,-344.51,0.236932,1
1580131625500.0,-56,-18,29,-58.63,0.236932,1
1580131625750.0,-56,-18,30,-27.23,0.236932,1
1580131626000.0,-55,-17,31,171.77,0.236932,1
1580131626250.0,-56,-13,28,52.76,0.236932,1
1580131626500.0,-58,-16,23,-148.93,0.238213,1
1580131626750.0,-62,-22,8,-168.46,0.239494,1
1580131627000.0,-63,-18,0,-138.87,0.24333600000000002,1
1580131627250.0,-82,-2,-17,-177.2,0.21131799999999998,1
1580131627500.0,-58,-19,20,-83.14,0.25998499999999997,1
1580131627750.0,-56,-19,27,116.48,0.247178,1
1580131628000.0,-56,-21,25,216.1,0.153686,1
1580131628250.0,-55,-19,28,125.46,0.220283,1
1580131628500.0,-54,-25,40,-24.06,0.23565100000000003,1
1580131628750.0,-61,6,28,48.18,0.23565100000000003,1
1580131629000.0,-54,-12,38,-14.08,0.24461599999999997,1
1580131629250.0,-53,-23,32,-111.35,0.23565100000000003,1
1580131629500.0,-52,-68,-4,56.65,0.170335,1
1580131629750.0,-55,-29,24,-7.36,0.253581,1
1580131630000.0,-54,-12,31,-12.79,0.249739,1
1580131630250.0,-54,-33,22,-57.59,0.253581,1
1580131630500.0,-54,-32,28,-126.52,0.252301,1
1580131630750.0,-57,-23,21,-137.96,0.256143,1
1580131631000.0,-56,-24,24,-48.87,0.256143,1
1580131631250.0,-56,-24,24,-47.97,0.258704,1
1580131631500.0,-57,-23,23,15.43,0.257424,1
1580131631750.0,-55,-21,28,63.42,0.254862,1
1580131632000.0,-57,-25,25,422.89,0.252301,1
1580131632250.0,-55,-24,24,-99.82,0.256143,1
1580131632500.0,-52,-24,26,-220.22,0.258704,1
1580131632750.0,-56,-24,24,31.58,0.258704,1
1580131633000.0,-56,-25,22,-21.06,0.257424,1
1580131633250.0,-58,-23,21,-138.26,0.261266,1
1580131633500.0,-57,-25,21,20.44,0.265108,1
1580131633750.0,-57,-25,20,-10.48,0.266389,1
1580131634000.0,-56,-26,22,-65.63,0.265108,1
1580131634250.0,-56,-24,24,127.12,0.267669,1
1580131634500.0,-56,-24,23,158.99,0.267669,1
1580131634750.0,-56,-25,23,-49.76,0.267669,1
1580131635000.0,-56,-25,24,-67.02,0.267669,1
1580131635250.0,-56,-25,23,-8.65,0.270231,1
1580131635500.0,-56,-26,23,11.53,0.26895,1
1580131635750.0,-52,-22,26,-42.99,0.26895,1
1580131636000.0,-56,-24,24,-17.73,0.270231,1
1580131636250.0,-56,-24,24,-9.65,0.26895,1
1580131636500.0,-56,-25,22,16.31,0.26895,1
1580131636750.0,-56,-23,26,36.89,0.270231,1
1580131637000.0,-55,-23,27,133.28,0.26895,1
1580131637250.0,-54,-25,26,72.11,0.270231,1
1580131637500.0,-52,-20,22,19.19,0.270231,1
1580131637750.0,-95,-4,-42,218.81,0.149844,1
1580131638000.0,-50,-2,-2,-0.79,0.073001,1
1580131638250.0,38,-32,75,-338.97,0.146001,1
1580131638500.0,-81,-4,26,-91.67,0.146001,1
1580131638750.0,-65,-6,22,-38.45,0.249739,1
1580131639000.0,-51,-2,41,-329.81,0.280476,1
1580131639250.0,-55,-10,38,-4.78,0.024334,1
1580131639500.0,-53,-3,39,423.49,0.019211000000000002,1
1580131639750.0,-72,-6,-62,-50.08,0.021772,1
1580131640000.0,-58,-19,0,-64.26,0.007684000000000001,1
1580131640250.0,-112,9,-128,-31.2,0.010246,1
1580131640500.0,-65,46,-94,26.67,0.098615,1
1580131640750.0,-18,-61,-22,-46.79,0.006404000000000001,1
1580131641000.0,-18,-58,-27,-19.62,0.010246,1
1580131641250.0,-85,-50,-23,-13.66,0.007684000000000001,1
1580131641500.0,-128,78,-78,34.98,0.010246,1
1580131641750.0,-128,50,-128,22.44,0.008965,1
1580131642000.0,127,43,-128,8.85,0.008965,1
1580131642250.0,13,94,62,3.07,0.03586,1
1580131642500.0,127,-57,-128,7.33,0.010246,1
1580131642750.0,-51,23,-62,11.51,0.010246,1
1580131643000.0,-28,-24,0,14.09,0.007684000000000001,1
1580131643250.0,-3,-64,6,-46.87,0.010246,1
1580131643500.0,-3,-64,7,-261.74,0.008965,1
1580131643750.0,-2,-64,7,259.71,0.007684000000000001,1
1580131644000.0,-2,-64,7,68.99,0.008965,1
1580131644250.0,-2,-64,7,-150.45,0.007684000000000001,1
1580131644500.0,-2,-64,7,-22.96,0.008965,1
1580131644750.0,-2,-64,7,10.19,0.007684000000000001,1
1580131645000.0,-2,-64,7,2.03,0.008965,1
1580131645250.0,-2,-64,7,1.9,0.007684000000000001,1
1580131645500.0,-2,-64,7,-3.32,0.008965,1
1580131645750.0,-2,-64,7,4.99,0.008965,1
1580131646000.0,-2,-64,7,-1.76,0.007684000000000001,1
1580131646250.0,-3,-64,7,-3.21,0.008965,1
1580131646500.0,-2,-64,7,-1.24,0.007684000000000001,1
1580131646750.0,-3,-64,7,1.05,0.007684000000000001,1
1580131647000.0,-2,-64,7,0.98,0.007684000000000001,1
1580131647250.0,-3,-64,7,-3.81,0.008965,1
1580131647500.0,-2,-63,7,-0.47,0.008965,1
1580131647750.0,-2,-64,7,-1.19,0.007684000000000001,1
1580131648000.0,-2,-64,7,-0.49,0.008965,1
1580131648250.0,-2,-64,7,-5.3,0.007684000000000001,1
1580131648500.0,-3,-64,7,0.57,0.008965,1
1580131648750.0,-2,-64,7,-0.7,0.007684000000000001,1
1580131649000.0,-2,-64,7,-1.95,0.008965,1
1580131649250.0,-2,-64,7,0.27,0.008965,1
1580131649500.0,-3,-64,7,1.91,0.007684000000000001,1
1580131649750.0,-2,-63,7,2.29,0.008965,1
1580131650000.0,-3,-64,7,-3.02,0.007684000000000001,0
1580131650250.0,-2,-64,7,0.48,0.008965,0
1580131650500.0,-3,-64,7,4.65,0.007684000000000001,0
1580131650750.0,-17,-60,12,4.89,0.008965,0
1580131651000.0,31,-98,-21,-7.96,0.010246,0
1580131651250.0,-11,-8,71,-0.56,0.006404000000000001,0
1580131651500.0,-21,-21,50,-32.56,0.007684000000000001,0
1580131651750.0,39,19,44,-137.11,0.010246,0
1580131652000.0,6,-14,56,234.1,0.008965,0
1580131652250.0,9,-9,69,-14.92,0.008965,0
1580131652500.0,16,1,65,-38.05,0.008965,0
1580131652750.0,15,2,63,-15.98,0.008965,0
1580131653000.0,13,-1,62,-4.23,0.007684000000000001,0
1580131653250.0,12,-2,60,-1.71,0.008965,0
1580131653500.0,20,-5,63,-0.95,0.0,0
1580131653750.0,39,7,79,-0.63,0.0,0
1580131654000.0,12,23,32,0.16,0.0,0
1580131654250.0,0,0,0,0.0,0.0,0
1580131654500.0,0,0,0,0.0,0.0,0
1580131654750.0,0,0,0,0.0,0.0,0
1580131655000.0,0,0,0,0.0,0.0,0
1580131655250.0,0,0,0,0.0,0.0,0
1580131655500.0,0,0,0,0.0,0.0,0
1580131655750.0,0,0,0,0.0,0.0,0
1580131656000.0,0,0,0,0.0,0.0,0
1580131656250.0,0,0,0,0.0,0.0,0
1580131656500.0,0,0,0,0.0,0.0,0
1580131656750.0,0,0,0,0.0,0.0,0
1580131657000.0,0,0,0,0.0,0.0,0
1580131657250.0,0,0,0,0.0,0.0,0
1580131657500.0,0,0,0,0.0,0.0,0
1580131657750.0,0,0,0,0.0,0.0,0
1580131658000.0,0,0,0,0.0,0.0,0
1580131658250.0,0,0,0,0.0,0.0,0
1580131658500.0,0,0,0,0.0,0.0,0
1580131658750.0,0,0,0,0.0,0.0,0
1580131659000.0,0,0,0,0.0,0.0,0
